{
  "best_metric": null,
  "best_model_checkpoint": null,
  "epoch": 2.287037037037037,
  "eval_steps": 500,
  "global_step": 93,
  "is_hyper_param_search": false,
  "is_local_process_zero": true,
  "is_world_process_zero": true,
  "log_history": [
    {
      "epoch": 0.19,
      "learning_rate": 0.00012727272727272728,
      "loss": 1.1442,
      "step": 21
    },
    {
      "epoch": 1.1,
      "learning_rate": 0.00019381443298969073,
      "loss": 0.8024,
      "step": 42
    },
    {
      "epoch": 2.01,
      "learning_rate": 0.0001793814432989691,
      "loss": 0.6968,
      "step": 63
    },
    {
      "epoch": 2.2,
      "learning_rate": 0.00016494845360824742,
      "loss": 0.5821,
      "step": 84
    }
  ],
  "logging_steps": 21,
  "max_steps": 324,
  "num_train_epochs": 3,
  "save_steps": 500,
  "total_flos": 7720030540136448.0,
  "trial_name": null,
  "trial_params": null
}
